Date,Open,High,Low,Close,Volume,Ticker
2022-12-15,59.78534698486328,62.774614334106445,59.78534698486328,62.774614334106445,1318200,GEHC
2022-12-16,56.53702163696289,59.78535773475565,54.803244590192676,59.78535773475565,2307500,GEHC
2022-12-19,56.29786682128906,58.77896032357419,52.81038834563399,52.81038834563399,117200,GEHC
2022-12-20,57.00532150268555,57.79249606828128,56.55693068677345,57.79249606828128,22200,GEHC
2022-12-21,56.7562255859375,66.04288312881849,55.301449625167145,58.78892843035786,290700,GEHC
2022-12-22,57.39393615722656,60.800707308205105,56.79608416017119,58.22096868090512,3253200,GEHC
2022-12-23,57.294288635253906,60.42903344918538,56.796077429729955,57.882178009814155,125800,GEHC
2022-12-27,57.24447250366211,58.77896404228344,57.16974005710293,57.77257520419342,26500,GEHC
2022-12-28,57.294288635253906,57.79249984077785,56.796077429729955,57.72275057608849,514800,GEHC
2022-12-29,57.79250717163086,58.569715534499444,57.54340153727038,58.29071844035181,374800,GEHC
2022-12-30,58.17115020751953,58.78893113138574,57.52347402209257,58.52986293784521,351100,GEHC
2023-01-03,55.79966354370117,60.462921443937375,55.6701275461806,60.462921443937375,1794100,GEHC
2023-01-04,60.27360153198242,60.49281190757722,53.30860625697361,53.93635352578909,33338500,GEHC
2023-01-05,58.7889289855957,62.75469017968443,57.93200500577321,60.42306131872218,8850600,GEHC
2023-01-06,58.73910903930664,59.72556521769566,57.66297087991828,59.466497031759744,5902600,GEHC
2023-01-09,57.892147064208984,59.76542247168899,57.5234717950037,58.57968103773132,5288900,GEHC
2023-01-10,59.78534698486328,59.84513370022614,57.84730562418796,58.938389422997716,6663000,GEHC
2023-01-11,64.75749206542969,66.14251864497803,59.86007867536018,60.2237707363524,9219400,GEHC
2023-01-12,65.41513061523438,66.28201321847396,63.43224841118559,65.85355129198678,5819800,GEHC
2023-01-13,65.20588684082031,65.26566975448833,63.511967934310626,64.76745853498842,3772100,GEHC
2023-01-17,63.103431701660156,65.49484695498982,63.033678637484506,63.711246165892916,3774600,GEHC
2023-01-18,61.857913970947266,63.27283217298865,61.76823578905377,62.97390616702713,2610300,GEHC
2023-01-19,63.71125030517578,64.26924824748545,61.08069563623741,61.110590894554896,2585600,GEHC
2023-01-20,66.53113555908203,67.57738235983281,63.312694726249184,63.73119040570896,4001600,GEHC
2023-01-23,69.27129364013672,69.65990543591325,66.53910617969566,67.10905849027985,3724100,GEHC
2023-01-24,69.35101318359375,70.37732727106695,68.46419765546052,68.78305259139493,2591000,GEHC
2023-01-25,68.46418762207031,69.45064374772441,66.71048193038507,68.21508200231219,2802100,GEHC
2023-01-26,68.97236633300781,69.20153924972406,67.55744821434989,68.26490727367884,2075900,GEHC
2023-01-27,69.82929229736328,70.25775428671172,68.11544433996959,68.61365560190494,2810600,GEHC
2023-01-30,71.24421691894531,73.68544928301972,67.67702213542249,68.16527468991838,4259900,GEHC
2023-01-31,69.27129364013672,70.86058885375671,68.25494596485453,70.75596874120606,3084300,GEHC
2023-02-01,69.7595443725586,70.48692857186126,67.28841312069176,68.75315547541719,2698700,GEHC
2023-02-02,70.39725494384766,71.63281678192682,68.75315620971688,69.34104186742927,2776000,GEHC
2023-02-03,70.29762268066406,70.37733071697444,68.85280524232658,69.3809080431286,3074900,GEHC
2023-02-06,71.60291290283203,72.09115774090694,69.29121328312502,69.65989230083025,2227400,GEHC
2023-02-07,71.37374877929688,71.94170936260848,70.84564601261606,71.3239322100843,1932300,GEHC
2023-02-08,69.9189682006836,71.16449638269135,69.76950329842252,70.95524856036614,1111900,GEHC
2023-02-09,68.1652603149414,70.726065589449,67.96597127285737,69.99867388951665,1186000,GEHC
2023-02-10,68.9922866821289,69.29121645091821,67.94604769556597,67.95600644631908,1968100,GEHC
2023-02-13,69.18161010742188,69.62003841238922,67.66705134805267,68.27486204071211,2223200,GEHC
2023-02-14,72.35023498535156,72.90822912685974,68.46816939515894,68.70332515509453,3036000,GEHC
2023-02-15,72.06127166748047,73.27690827935447,71.46341971468506,72.43990946376088,1773000,GEHC
2023-02-16,70.65631866455078,71.56305912922987,70.0883505773816,71.34384497672947,1829400,GEHC
2023-02-17,72.9082260131836,73.21712213012653,70.63638413166622,70.71609974907729,2408600,GEHC
2023-02-21,72.21073913574219,72.83848256828684,71.99152497139634,72.36020402980529,1835500,GEHC
2023-02-22,71.68263244628906,72.7388377953023,70.58955691285482,72.01144607242534,2010200,GEHC
2023-02-23,75.62846374511719,75.93735226487813,72.02439944711494,72.18084305924727,3763200,GEHC
2023-02-24,74.74166107177734,75.49893677139912,73.95448630850376,74.57226345282146,2102900,GEHC
2023-02-27,75.76797485351562,76.70461452323147,74.30323242605823,74.73169444496004,2139600,GEHC
2023-02-28,75.72810363769531,76.06688361022451,75.03061098713539,75.7679614465987,3511800,GEHC
2023-03-01,75.0306167602539,75.46903748772532,74.74165332504529,75.10036603067665,2534300,GEHC
2023-03-02,74.77155303955078,75.20001506291439,74.23348392169174,74.52244738880685,1391900,GEHC
2023-03-03,76.0968017578125,76.62490455458557,74.85127342500748,75.25980276507467,2082700,GEHC
2023-03-06,76.40568542480469,76.8839716186852,75.42918792992835,75.63844336619562,1874100,GEHC
2023-03-07,75.97721099853516,76.56011721328832,75.65835612203514,76.0868180750289,1709400,GEHC
2023-03-08,76.35584259033203,77.12309206350473,75.82973170671046,75.97720483088142,1641300,GEHC
2023-03-09,76.10673522949219,77.12309026862073,75.62845676574861,76.72451981410167,1683800,GEHC
2023-03-10,74.70178985595703,76.25620639457775,74.23347010339829,75.60853030278587,3388600,GEHC
2023-03-13,75.96724700927734,77.20281634599712,73.77512061539412,74.68186111030121,2272100,GEHC
2023-03-14,76.86402893066406,78.47823607308396,76.07685426503276,76.41564185881974,1992300,GEHC
2023-03-15,76.48538970947266,76.53520627092037,75.31956966051611,75.65835724802058,2326200,GEHC
2023-03-16,76.34590148925781,77.17292646035034,75.47901110026082,75.68825893165298,1624600,GEHC
2023-03-17,75.56867980957031,77.26260264455928,75.16015053193976,76.58503503098379,5803300,GEHC
2023-03-20,74.93096160888672,75.53877988243147,74.24343532075714,75.2199250177932,1714100,GEHC
2023-03-21,76.24626159667969,76.40569287755814,75.22991378843625,75.37937871373431,1401600,GEHC
2023-03-22,74.50250244140625,76.77435198877019,74.44271952772033,76.58502929263155,1549800,GEHC
2023-03-23,75.43914794921875,76.43557046753166,74.60215668284414,75.14022575498518,1393700,GEHC
2023-03-24,76.18646240234375,76.21635386060144,74.62207940268834,74.99075845943399,1154800,GEHC
2023-03-27,76.10673522949219,77.1828731760639,75.99214878952641,76.54516348967306,1196600,GEHC
2023-03-28,76.62489318847656,76.66475100146624,75.87757629964636,76.10674922171134,760800,GEHC
2023-03-29,78.95652770996094,79.18570826163551,76.78432605494253,77.08325588719609,1786000,GEHC
2023-03-30,81.84613800048828,81.99460701070758,79.21558338675644,79.49458045153105,2188900,GEHC
2023-03-31,81.73654174804688,82.29453595148401,81.28815463487074,81.95575592856885,1916200,GEHC
2023-04-03,81.51732635498047,82.32443378963326,81.17854633710456,81.70664907208804,1913100,GEHC
2023-04-04,81.29811096191406,81.86607910474285,81.17854512308749,81.70664785017324,1552700,GEHC
2023-04-05,80.82978820800781,81.50735574730446,80.36146846145135,81.20842598504726,1410600,GEHC
2023-04-06,79.87323760986328,80.77001184959929,79.8034807312917,80.68033746646607,1356700,GEHC
2023-04-10,80.30168151855469,80.34153932876801,79.41486614708339,79.64404665528495,1579200,GEHC
2023-04-11,80.30168151855469,80.39634286754881,79.67393811241995,80.30168151855469,1167000,GEHC
2023-04-12,81.45752716064453,81.60699203365272,80.31861866414276,80.71518977270006,1232000,GEHC
2023-04-13,82.6432876586914,82.87445233541679,81.0888633314068,81.35790167359673,1252800,GEHC
2023-04-14,82.07532501220703,82.9820655446151,81.68672084087494,82.15503303553379,1163600,GEHC
2023-04-17,82.42407989501953,82.94221630968052,81.70665439618028,81.87604441615586,861000,GEHC
2023-04-18,83.36071014404297,83.85892139490977,82.49381983077858,82.49381983077858,1522000,GEHC
2023-04-19,85.44322967529297,86.56918436749405,83.45038466828905,83.49024248068118,2422900,GEHC
2023-04-20,84.69591522216797,86.01119266035762,84.37706031600383,85.06459429577363,1634900,GEHC
2023-04-21,86.17061614990234,86.2054869822888,84.78558196125579,84.89518903807027,1850600,GEHC
2023-04-24,87.4759292602539,87.51578707117228,85.87168848076475,86.29018409225755,2692800,GEHC
2023-04-25,80.10240173339844,83.20127622242565,78.49816094896569,83.20127622242565,7291400,GEHC
2023-04-26,79.8333740234375,79.98283131785554,77.28252723526353,79.44476985374975,3489500,GEHC
2023-04-27,81.22836303710938,81.24829574531181,80.33158882261935,80.53087029203918,1557000,GEHC
2023-04-28,81.04899597167969,81.43760770930544,80.72018235076521,80.90949744108573,1617600,GEHC
2023-05-01,80.49100494384766,81.43660736303542,80.43620140457165,80.78993472209861,1355800,GEHC
2023-05-02,78.17930603027344,80.3614736707473,77.61134552684739,80.05257753583128,1879100,GEHC
2023-05-03,79.42483520507812,80.13229425573293,77.74087877619117,78.18927345478663,1748900,GEHC
2023-05-04,77.98001861572266,79.97286340200262,77.41205815571685,79.33515367856099,1751400,GEHC
2023-05-05,78.70740509033203,79.24547411118277,78.21916023148776,78.21916023148776,1077400,GEHC
2023-05-08,79.1358642578125,79.20561352091264,78.32876455592533,78.59779525585455,842300,GEHC
2023-05-09,76.0968017578125,78.50814278561863,75.84769609125149,78.26900347430853,2499700,GEHC
2023-05-10,75.62846374511719,76.48538764067963,74.70179058373454,76.22631568101895,1792900,GEHC
2023-05-11,74.72171783447266,75.43914321900981,74.44272076317488,75.43914321900981,1504800,GEHC
2023-05-12,74.65196228027344,74.74164424683856,74.00428621810096,74.62207082545153,2577500,GEHC
2023-05-15,74.66193389892578,75.28967730076249,74.43275339229336,74.8313238895976,1187900,GEHC
2023-05-16,77.5017318725586,77.98997671251738,74.95089300017038,75.00070955815015,2668900,GEHC
2023-05-17,80.01272583007812,80.32161435711551,75.93337055332566,77.65120188522133,3716300,GEHC
2023-05-18,79.4049072265625,80.83975038067828,78.93658746018097,80.13229135562744,1483500,GEHC
2023-05-19,79.05615997314453,80.79890352749281,78.83695340205408,79.80347687151377,1311100,GEHC
2023-05-22,78.826904296875,79.16481621602108,78.45808575338644,79.09603680889671,1357700,GEHC
2023-05-23,76.94294738769531,79.51768039592335,76.81335859974342,78.70727896272324,1382400,GEHC
2023-05-24,76.2850570678711,76.89310531188457,75.83650037866977,76.72365123862859,1431900,GEHC
2023-05-25,79.60440826416016,79.8037651211321,75.36801041120513,76.28506412123866,3127800,GEHC
2023-05-26,78.17897033691406,79.94330177279696,78.11916481179183,79.51467776447876,2243100,GEHC
2023-05-30,77.71047973632812,78.79699502887513,77.16224463337072,77.99955247278602,1775800,GEHC
2023-05-31,79.25553131103516,79.47482842042308,77.49418067225764,78.28863456781211,4501500,GEHC
2023-06-01,79.57449340820312,79.84362588472985,78.63749959182219,79.47481499485899,2355500,GEHC
2023-06-02,79.71405029296875,80.61117128587286,79.64427463824154,80.04299592452959,2404500,GEHC
2023-06-05,80.23237609863281,80.46562829826354,78.52785015360872,79.65423826588763,1416700,GEHC
2023-06-06,82.6645736694336,82.91377351679051,77.55099553946107,77.75035237535627,23800600,GEHC
2023-06-07,80.22242736816406,81.99672926716197,79.93335459962287,81.22918939086856,3883900,GEHC
2023-06-08,77.50114440917969,78.14906546542828,76.50434512417416,77.10242317418248,15048600,GEHC
2023-06-09,76.85323333740234,78.24875403870567,76.81336044822498,77.85003275190815,4894700,GEHC
2023-06-12,78.01948547363281,78.05935836211842,76.65387516663624,77.00275343466545,5545200,GEHC
2023-06-13,77.54102325439453,78.19791062668472,76.45450799562212,78.04939305822293,4122300,GEHC
2023-06-14,78.27864837646484,78.54778844819097,77.2320136669054,77.92977013994503,3322600,GEHC
2023-06-15,78.84683990478516,78.91661556644961,77.97464033149112,78.40825329074148,3277900,GEHC
2023-06-16,78.39827728271484,79.8436334251426,78.23878572232151,79.24555528361995,5388200,GEHC
2023-06-20,78.6474838256836,78.90665383085934,77.50116285411292,78.10921117107709,3151100,GEHC
2023-06-21,79.36518096923828,79.74396205118977,78.0394357749428,78.53783553776275,2805700,GEHC
2023-06-22,79.95327758789062,80.49155016724079,79.32529671446999,79.68414510070343,2229200,GEHC
2023-06-23,79.56452941894531,80.09283189487361,78.75712432214743,79.60440230835184,7973000,GEHC
2023-06-26,77.55101013183594,80.04300907431168,77.491196985832,79.76389880457351,2500700,GEHC
2023-06-27,76.82332611083984,78.09922807052293,75.94813791839837,77.70050680687807,3250400,GEHC
2023-06-28,76.94294738769531,77.34166105992196,76.09566182177416,77.25195276516371,2920500,GEHC
2023-06-29,78.42816925048828,78.44810189030488,76.90306753785087,77.02267858670078,1908200,GEHC
2023-06-30,80.97997283935547,81.14943449979495,79.06014250196904,79.16579842121176,3428300,GEHC
2023-07-03,80.43175506591797,81.19928734405451,79.6442825387522,81.14945193143495,1086900,GEHC
2023-07-05,80.39187622070312,81.02982725282348,79.6791606677238,80.11277359477249,2655900,GEHC
2023-07-06,78.86678314208984,80.01309654072882,78.74716445828552,79.7439640083904,2595900,GEHC
2023-07-07,79.36518096923828,79.85161810347368,78.04940589959273,78.7272298812269,2892600,GEHC
2023-07-10,80.40184020996094,80.52145126624728,79.74394898048365,79.87353015978573,2263000,GEHC
2023-07-11,80.99992370605469,81.18432916677297,79.95328126392279,80.2423540108447,1793100,GEHC
2023-07-12,81.42853546142578,82.39543197797694,81.02981422919156,81.02981422919156,2124800,GEHC
2023-07-13,81.13948059082031,81.73755876812837,80.64108084223416,81.46842625008156,1476300,GEHC
2023-07-14,81.5581283569336,81.89704411480622,80.97002034868035,81.2391528462761,1774100,GEHC
2023-07-17,80.93014526367188,82.09639872990756,80.82049672189152,81.47838036759785,2343200,GEHC
2023-07-18,82.20604705810547,82.62968223663273,80.49155088742245,80.84840677319954,2844500,GEHC
2023-07-19,81.48834991455078,82.67454361907043,81.3986416200791,82.51505206670862,2781700,GEHC
2023-07-20,81.61798858642578,82.90931598707122,81.56813487979304,82.01685627833001,3113900,GEHC
2023-07-21,82.3957748413086,82.90433132905184,81.78750333441938,81.8473384321216,7697300,GEHC
2023-07-24,80.40143585205078,82.4456277716459,80.04245573341196,82.24619775363212,4335700,GEHC
2023-07-25,79.98263549804688,82.11656883680723,78.35725864140775,80.61084695871318,4729500,GEHC
2023-07-26,77.21051788330078,80.08035828564253,77.07091533473435,80.0324978151776,4148600,GEHC
2023-07-27,76.64212799072266,78.64643243729137,76.03385652986233,77.7788958600559,3224700,GEHC
2023-07-28,77.64926147460938,78.09798279815354,76.6720361731518,77.02104249232694,2910100,GEHC
2023-07-31,77.77889251708984,77.80880625850747,76.05379322025468,77.49968745350205,3916200,GEHC
2023-08-01,77.46979522705078,77.81381856443079,76.88146358729827,77.61936397567729,2126700,GEHC
2023-08-02,76.37288665771484,77.55951579892765,75.93413909909759,77.1008206739652,3073000,GEHC
2023-08-03,75.80451202392578,76.4726186384896,75.4654794322153,76.42275732428823,2053300,GEHC
2023-08-04,75.68486022949219,76.57731997224002,75.41163482307797,75.76463529246651,1449600,GEHC
2023-08-07,75.37571716308594,76.0737373987393,74.95690958635416,75.88427356784142,1668300,GEHC
2023-08-08,73.72042846679688,75.25606389035019,73.11215704552681,75.07657383804481,2574900,GEHC
2023-08-09,73.71046447753906,74.66774234776796,73.211881777976,73.5908094986156,3028400,GEHC
2023-08-10,72.09505462646484,74.36859030562668,71.91556456717483,74.03952392896707,3681600,GEHC
2023-08-11,71.38706970214844,71.93551373344738,70.65914319635365,71.93551373344738,2897100,GEHC
2023-08-14,71.59647369384766,71.66627496259477,70.64916206625941,71.29732105192133,2601100,GEHC
2023-08-15,70.34003448486328,71.54660347017392,69.99102818461091,71.54660347017392,2476300,GEHC
2023-08-16,70.46966552734375,72.07510216877485,70.22037421790124,71.0081356686716,3697400,GEHC
2023-08-17,68.19612884521484,70.59930067918809,68.04655254053418,70.49957807088973,3791900,GEHC
2023-08-18,68.16622161865234,68.55511548331812,67.70253579061693,68.00667151634454,2911000,GEHC
2023-08-21,68.77450561523438,69.3030021119385,68.40555164217254,69.13348580314076,2807800,GEHC
2023-08-22,68.73460388183594,69.2032727863185,68.47533877574119,68.95398146331861,2170100,GEHC
2023-08-23,68.79443359375,69.33290378180779,68.61494353106407,68.76451985126363,2079500,GEHC
2023-08-24,68.23601531982422,69.59216060798813,68.0465514962851,69.44258430560288,2623200,GEHC
2023-08-25,68.39556121826172,68.69471383799778,67.41834352828926,68.21607877574066,3096600,GEHC
2023-08-28,69.113525390625,69.46253933629353,68.56508903328569,68.86423406244324,2438700,GEHC
2023-08-29,70.28021240234375,70.30015236056032,69.1334708068237,69.1334708068237,2044300,GEHC
2023-08-30,70.19046783447266,70.78876551828714,70.03092533574711,70.3001566307449,1889200,GEHC
2023-08-31,70.25029754638672,70.92837030493244,69.66297024514371,70.3101326421015,3573300,GEHC
2023-09-01,69.05370330810547,70.81868270228092,68.90412697794223,70.4696763370788,2096700,GEHC
2023-09-05,67.46821594238281,68.9639640717943,67.2189245874809,68.9340427186806,3773500,GEHC
2023-09-06,66.7901382446289,68.00667357662702,65.87274034410136,67.31863466094117,3140100,GEHC
2023-09-07,65.71319580078125,67.97675771912749,65.64339453301994,67.8969826680381,2836900,GEHC
2023-09-08,64.71603393554688,65.8029405354554,64.53654386491074,65.73313926397292,3103100,GEHC
2023-09-11,66.43115234375,67.15907872302236,65.01517189299324,65.13483446296016,3630500,GEHC
2023-09-12,65.21460723876953,66.43115003055358,65.03511719395276,66.19182489895327,2381800,GEHC
2023-09-13,64.34707641601562,65.75308315875436,64.02798382023889,64.935407906591,3612800,GEHC
2023-09-14,65.81291198730469,65.87273947280747,64.38696525660238,64.6761441161454,3945100,GEHC
2023-09-15,66.24169921875,66.31150049390654,65.39411013248683,65.81291778342603,6711100,GEHC
2023-09-18,66.09211730957031,66.80010378580592,65.6832834774986,65.6832834774986,3205300,GEHC
2023-09-19,65.93257141113281,66.56078280215465,65.16474988100542,66.31149148079825,3160400,GEHC
2023-09-20,64.82572174072266,66.6106486358557,64.7160329432509,66.23172093267401,1796400,GEHC
2023-09-21,63.70888900756836,64.70605428564302,63.60917400131436,64.43682300798048,2172500,GEHC
2023-09-22,64.14764404296875,64.62129602760407,63.5553261039117,63.64906140487529,2277800,GEHC
2023-09-25,66.29155731201172,66.84996748613263,63.81858384076417,63.81858384076417,3214500,GEHC
2023-09-26,66.0223159790039,67.21392825112974,65.93257475049872,66.00237601970312,3619900,GEHC
2023-09-27,68.0864486694336,68.2170816510903,65.96248921932228,66.18186681288424,5470000,GEHC
2023-09-28,69.58219146728516,70.37992672804214,67.81721228315196,68.54513867140798,4817700,GEHC
2023-09-29,67.84712982177734,70.00100297395545,67.7374410270893,69.88134800358138,3145800,GEHC
2023-10-02,67.64769744873047,68.46538038459335,67.378466136698,67.80724756531883,1942100,GEHC
2023-10-03,66.7901382446289,67.33857462044993,66.21178051789298,67.15908455379974,2726100,GEHC
2023-10-04,67.68757629394531,67.87704013114477,66.28157720879153,66.94967611881331,2084400,GEHC
2023-10-05,67.40837860107422,68.48531904428233,66.43813710611342,68.1462788568569,1894300,GEHC
2023-10-06,68.26593017578125,68.79442652612572,66.46106355869536,66.82004364718725,2318600,GEHC
2023-10-09,67.60781860351562,67.88702370422126,66.98957330354712,67.62775856452242,1600300,GEHC
2023-10-10,67.99671173095703,68.43545933800083,67.41835396738985,67.80724786860301,2209000,GEHC
2023-10-11,67.58786010742188,68.1163564779937,66.84995994517632,68.1163564779937,2032900,GEHC
2023-10-12,66.32147216796875,67.71750523444662,65.98243197959056,67.52804137600681,2252100,GEHC
2023-10-13,66.92974853515625,67.44827122787667,65.8727479723601,65.9425492503757,1984200,GEHC
2023-10-16,66.6904067993164,67.49811579625023,66.14197049606439,67.43828071010564,1951500,GEHC
2023-10-17,66.61065673828125,67.21892828633473,65.88272259449356,66.18187527994468,1596000,GEHC
2023-10-18,65.04510498046875,66.29156178012094,64.90549481976063,66.1120716966603,1917700,GEHC
2023-10-19,65.29449462890625,66.5115972548308,64.68594331594397,65.07502371926736,1669200,GEHC
2023-10-20,63.89783477783203,65.37431437134227,63.70828373911388,65.37431437134227,2575000,GEHC
2023-10-23,63.837974548339844,64.38666709992783,63.209470233652496,63.798068666790165,2412500,GEHC
2023-10-24,64.51634979248047,64.90542258904497,63.80803758306131,63.86789259445032,2511200,GEHC
2023-10-25,64.35673522949219,64.83559055309432,63.82799184888287,64.0474665712615,3179600,GEHC
2023-10-26,63.75816345214844,64.58618957197667,63.42894944000581,63.96766742965851,3484900,GEHC
2023-10-27,62.95008087158203,64.16718352394085,62.57098644349816,64.04746588868213,2606400,GEHC
2023-10-30,63.019920349121094,63.51873246069166,62.20186879059611,63.38904405174008,4484200,GEHC
2023-10-31,66.4118423461914,67.53915494630635,65.61373994581025,66.53155998962916,7555100,GEHC
2023-11-01,68.11778259277344,68.2873768886201,65.8432005198894,66.5914187076154,4523300,GEHC
2023-11-02,69.08547973632812,69.59427023810478,68.11778299008843,69.43464670371641,3115900,GEHC
2023-11-03,71.39995574951172,71.7291735256055,69.4645625811313,69.77383122440172,4022500,GEHC
2023-11-06,70.92110443115234,71.78904027057011,70.59189421251092,71.49972832409752,2350100,GEHC
2023-11-07,70.53202819824219,71.29022472465186,70.51207906311475,71.08072455510484,1912900,GEHC
2023-11-08,69.82372283935547,70.9909490584894,69.35983119184625,70.9909490584894,2062100,GEHC
2023-11-09,68.14771270751953,69.97336698206372,67.88833587263983,69.96338860802395,1981500,GEHC
2023-11-10,69.35482788085938,69.40471213309814,68.22751532618503,68.38713884433446,2773300,GEHC
2023-11-13,69.84367370605469,70.38239169768784,69.18523806808014,69.40471661407166,1993200,GEHC
2023-11-14,72.03843688964844,72.19806040247379,70.5120732017791,70.83131261616178,2634400,GEHC
2023-11-15,71.35008239746094,72.4574459143396,71.30519113330155,71.82894538230127,2780100,GEHC
2023-11-16,71.74913024902344,72.48737763314179,71.33012991399534,71.828942011296,2946600,GEHC
2023-11-17,72.82656860351562,73.20466599367202,71.8538865040101,72.35768399881327,2920000,GEHC
2023-11-20,73.1557846069336,73.3154005214977,72.59710987778764,72.91634931818449,1787600,GEHC
2023-11-21,73.20565795898438,73.51492662356345,72.41753396097366,73.32537559797643,1469300,GEHC
2023-11-22,73.42513275146484,74.00375656021747,73.0161108254624,73.5747778897654,1123300,GEHC
2023-11-24,73.53488159179688,73.6645700025428,73.2166392166511,73.64462086676224,558900,GEHC
2023-11-27,70.97097778320312,71.34508682027143,70.3823832182909,71.0906954151214,4253600,GEHC
2023-11-28,67.96813201904297,70.61683058607967,67.94319750378676,70.53202583364236,5167900,GEHC
2023-11-29,67.54914093017578,68.6794524974621,67.29973485336464,68.13774322931016,3762900,GEHC
2023-11-30,68.2973403930664,68.51681889815244,66.23225894898823,67.54912236823711,3324600,GEHC
2023-12-01,69.2450942993164,69.50447109218908,67.99606237723222,68.18760754917405,1898200,GEHC
2023-12-04,69.20519256591797,69.5992507706749,68.60661196493088,68.726329607382,1478700,GEHC
2023-12-05,67.76861572265625,68.8859576246208,67.55911554315084,68.74629083828385,1896200,GEHC
2023-12-06,67.8883285522461,68.51682904613324,67.70376290312385,68.2275171203307,1579700,GEHC
2023-12-07,67.2298812866211,68.12774441602647,66.84080853242328,67.93819341891114,2089200,GEHC
2023-12-08,68.35719299316406,68.46693224184408,66.8906921095864,67.02038048926866,1893700,GEHC
2023-12-11,70.96101379394531,71.1405864725859,68.92585930644194,68.99570031433436,3051300,GEHC
2023-12-12,71.87882232666016,72.22299626147169,71.0707415976523,71.13060422171061,2407200,GEHC
2023-12-13,74.0037612915039,74.09354381346357,72.34770151463177,72.43749164785983,2628600,GEHC
2023-12-14,75.73963165283203,76.11873374114411,74.16338350239633,74.16338350239633,4271300,GEHC
2023-12-15,74.83180236816406,76.4080430090688,74.30804807795349,76.19854281523848,5638000,GEHC
2023-12-18,74.88166046142578,75.33558124120955,74.37287766446033,74.8218054526693,1945800,GEHC
2023-12-19,75.51017761230469,75.65981515225674,74.821814483451,74.96148126158529,2441800,GEHC
2023-12-20,75.26077270507812,76.40803445553685,74.70209797280216,75.1809609417146,2162200,GEHC
2023-12-21,77.0066146850586,77.4256150237223,75.8992512105412,75.8992512105412,2992100,GEHC
2023-12-22,77.39568328857422,77.52537168785825,76.80708108293821,77.11634974472048,2193700,GEHC
2023-12-26,77.95435333251953,78.13891137143578,77.39568622362589,77.5153962548068,1413900,GEHC
2023-12-27,77.4854736328125,78.10400340756614,77.19616168710205,77.89450322852112,1365000,GEHC
2023-12-28,77.35578155517578,77.77976727436733,77.06646962317345,77.64509348717812,1569500,GEHC
2023-12-29,77.13631439208984,77.45555387945092,76.67740810471267,76.97669845404418,1786900,GEHC
2024-01-02,76.18856811523438,77.2260982676882,75.5251470634181,76.39806829823911,2003100,GEHC
2024-01-03,75.9291763305664,76.49782180408636,75.25577697004113,76.05886473285398,2692400,GEHC
2024-01-04,76.38807678222656,76.76717119892785,75.66978621477753,75.81943135154073,2395900,GEHC
2024-01-05,76.43797302246094,77.26599536807653,75.41041364816911,75.81944324540213,2377200,GEHC
2024-01-08,77.17621612548828,77.26599865869343,76.12870757047878,76.81707077012899,1880600,GEHC
2024-01-09,76.47787475585938,77.47549895495213,74.22324193475454,76.82704170328812,3507200,GEHC
2024-01-10,75.98902893066406,76.42798598794825,74.7020928764821,76.15862320778999,3020600,GEHC
2024-01-11,76.06884765625,76.14366642910926,74.60233881805763,76.01896340016458,2305500,GEHC
2024-01-12,76.01893615722656,76.31834423634935,75.25046658839824,76.128718611954,1888300,GEHC
2024-01-16,74.82131958007812,75.74947549457892,74.39217205801295,75.74947549457892,2831600,GEHC
2024-01-17,72.60572052001953,74.09276338561783,71.87716492260101,74.09276338561783,3766900,GEHC
2024-01-18,73.37419891357422,73.61372845111305,72.27638184978085,72.60572925319826,2421500,GEHC
2024-01-19,73.96302032470703,73.97300262398124,73.05482144733782,73.29933828684415,3704200,GEHC
2024-01-22,74.49197387695312,75.3003650541847,74.02290475930776,74.132687217236,2414900,GEHC
2024-01-23,73.52389526367188,74.58179824124318,72.54084811408379,74.48199047059889,2850400,GEHC
2024-01-24,71.4081039428711,73.55383393711912,71.16857443243457,73.49395536664188,3594400,GEHC
2024-01-25,72.7254867553711,72.95502635474648,71.27835783082755,72.18655677115459,2126500,GEHC
2024-01-26,73.00493621826172,73.14465797217397,72.32628443600312,72.85523216356587,2334500,GEHC
2024-01-29,74.23249816894531,74.27241976074805,72.35622903980712,72.76541964508637,2160100,GEHC
2024-01-30,73.85324096679688,74.37220633682807,72.97498895048881,73.58377978922107,1673900,GEHC
2024-01-31,73.21452331542969,74.32232272778762,72.80533271525019,73.78339266656498,3129600,GEHC
2024-02-01,74.20255279541016,74.98100473608206,72.84524924245142,73.21451822565463,2593600,GEHC
2024-02-02,73.763427734375,74.21253226323012,72.37617733227532,73.88318488112881,2446600,GEHC
2024-02-05,73.2644271850586,73.4241059359641,72.46601058773608,73.07480152998488,3365700,GEHC
2024-02-06,81.79745483398438,82.945175660276,76.40816266889688,76.59778829472512,12511200,GEHC
2024-02-07,81.66771697998047,82.34437377479011,80.01100542884579,81.87729959531727,4278100,GEHC
2024-02-08,81.89726257324219,81.97710575090677,80.27648261512084,81.36831484617724,2483800,GEHC
2024-02-09,81.17868041992188,82.58588772051989,80.4501324417829,82.12680092001476,2755000,GEHC
2024-02-12,83.00505828857422,83.14478003624731,81.22858954164697,81.4581367638323,2304300,GEHC
2024-02-13,82.14675903320312,82.55295716371354,80.99904582331136,82.18668061826445,2529800,GEHC
2024-02-14,83.00505828857422,83.27452709784674,82.1767024886093,82.43618899754398,2214800,GEHC
2024-02-15,85.46017456054688,85.56995701604072,83.75856172891991,83.77353137155418,2346100,GEHC
2024-02-16,85.84940338134766,87.11688900489334,83.32442204869979,83.34438664905865,13130900,GEHC
2024-02-20,86.21868133544922,86.63784661552337,85.41029006469694,85.75959446475873,6372600,GEHC
2024-02-21,84.81147766113281,85.04101727913452,81.89726258989897,82.83540089198733,5839800,GEHC
2024-02-22,87.4661865234375,87.92527331033047,84.8364102803718,85.28052742529917,4154900,GEHC
2024-02-23,88.89335632324219,89.55205106795479,87.06199640376607,87.22667008994422,3815600,GEHC
2024-02-26,90.4402847290039,90.53010258573204,88.61391216622634,88.76361620837045,3805100,GEHC
2024-02-27,92.33651733398438,92.3964035238011,89.31152997172163,89.8315004760311,3993400,GEHC
2024-02-28,92.83552551269531,93.77266633453631,91.81755165978706,92.06705587625387,3431900,GEHC
2024-02-29,91.09896850585938,93.15488059199147,88.69375207707333,93.12494130751593,6144000,GEHC
2024-03-01,92.53612518310547,92.87544726324603,90.39537473809338,90.8694388416198,2695900,GEHC
2024-03-04,92.54610443115234,93.31457404358801,92.2417089920011,92.7556870527257,2615200,GEHC
2024-03-05,91.6279296875,93.31458069491396,91.33850387109813,92.5361287266505,2804900,GEHC
2024-03-06,92.91536712646484,93.89342698883921,91.26863780263052,91.37842026517043,2521200,GEHC
2024-03-07,92.47624206542969,93.36447642483398,91.80756501013346,93.01516444691612,3014400,GEHC
2024-03-08,93.68384552001953,94.31259340156143,92.30657737816911,92.61596778290047,2852400,GEHC
2024-03-11,92.81556701660156,93.87346244065631,91.94728961627885,93.6239582282461,2123200,GEHC
2024-03-12,91.63790130615234,92.31655302757426,91.51813655027888,92.00717025939763,3042200,GEHC
2024-03-13,88.30453491210938,89.1877743488289,86.3783620723406,87.38635361626207,14434500,GEHC
2024-03-14,88.15482330322266,88.86341429767153,87.58595404772069,87.9252760953735,4859000,GEHC
2024-03-15,89.2326889038086,89.55205398655116,87.75562063720908,88.07498571995166,7309500,GEHC
2024-03-18,90.43030548095703,90.77960984823923,89.31652138006172,89.72171444610908,2843900,GEHC
2024-03-19,90.59998321533203,90.81954817645871,90.18081789732595,90.42033984843435,2996500,GEHC
2024-03-20,90.70974731445312,90.92931223108711,89.9712170065366,90.30056438148759,2016900,GEHC
2024-03-21,91.01912689208984,91.99718668248694,90.93929133687958,91.06903077657702,2754900,GEHC
2024-03-22,89.55204772949219,91.71774228346754,89.19276108472735,91.27861247002971,6178000,GEHC
2024-03-25,88.10492706298828,89.92131744115346,88.0749877755112,89.6318916384344,2436000,GEHC
2024-03-26,88.89335632324219,89.1658175297208,87.526070562234,88.30453006442087,2845200,GEHC
2024-03-27,90.13089752197266,90.51014879067523,89.5370762895687,89.78159315416568,2629100,GEHC
2024-03-28,90.72972106933594,90.96924299607547,89.47221762899008,90.02112236169586,2108000,GEHC
2024-04-01,89.35244750976562,91.27862033801689,89.01312543505216,91.12891628741683,1958200,GEHC
2024-04-02,87.93526458740234,89.06302087810735,87.68576037681824,88.6737949187373,3010700,GEHC
2024-04-03,88.85343170166016,89.8714130697514,87.93525810185277,88.07497984033374,4403900,GEHC
2024-04-04,87.78556060791016,90.65984637498639,87.6957427468754,89.9712199309271,2728200,GEHC
2024-04-05,88.2945556640625,89.32251184466287,87.67578244981337,87.78556491708764,1591900,GEHC
2024-04-08,87.53604888916016,88.66880004094942,87.44623103582906,88.55403024582738,1692400,GEHC
2024-04-09,86.76759338378906,88.06501081007019,86.27855961115561,87.95522833982716,4173400,GEHC
2024-04-10,85.22065734863281,86.52805697231751,85.07095329979722,85.21067504823998,2926100,GEHC
2024-04-11,88.03506469726562,88.74365574119811,85.44022243156229,86.30849982502198,3071000,GEHC
2024-04-12,86.10888671875,87.35640769604822,85.88433446568908,86.89732089011413,2226800,GEHC
2024-04-15,85.95918273925781,87.73565900816519,85.35039189276574,87.42626862787762,1983600,GEHC
2024-04-16,85.70968627929688,86.26858090566279,85.18073855509166,85.65979000422466,1868200,GEHC
2024-04-17,85.02106475830078,86.07896026822081,84.99112546866378,85.89931691613393,1711600,GEHC
2024-04-18,84.83136749267578,85.98448182117424,84.48194006236514,85.20075894031272,1815300,GEHC
2024-04-19,84.3521499633789,85.47032539275237,83.96278686913082,84.86132001622138,1891800,GEHC
2024-04-22,84.17244720458984,84.94119522793052,84.04266203952136,84.67163146293413,2113700,GEHC
2024-04-23,86.09928894042969,86.50862364178663,84.65165780288424,84.85132843670209,1951300,GEHC
2024-04-24,86.57850646972656,87.1375903208251,85.66000939522291,85.96950115323158,2020300,GEHC
2024-04-25,85.80976867675781,86.53359192563329,84.60174371777832,85.85969014804132,1362900,GEHC
2024-04-26,86.09928894042969,86.75821574253214,85.02105685408833,85.22072748790617,1790600,GEHC
2024-04-29,88.79488372802734,89.03448999993441,86.15919188621149,86.15919188621149,4353000,GEHC
2024-04-30,76.11560821533203,82.16572617960593,75.9558732247318,80.90777980448705,14433600,GEHC
2024-05-01,78.13231658935547,79.00089226111383,76.37518599451437,76.39515001194525,5303300,GEHC
2024-05-02,77.70301055908203,79.24049873311509,77.06405542402233,79.06079212532042,2995700,GEHC
2024-05-03,79.34033966064453,79.92937337308625,78.37192107325716,78.37192107325716,2722700,GEHC
2024-05-06,79.66980743408203,79.86947808250952,78.52168216325656,79.47012916870757,2389700,GEHC
2024-05-07,81.2971420288086,81.5467341377492,79.54001144912174,79.86947486099052,3225500,GEHC
2024-05-08,80.9776611328125,81.44189878038195,80.1190637037037,80.8778258166956,2748400,GEHC
2024-05-09,82.59501647949219,82.62496631111131,81.02757848354128,81.36702006448604,1952700,GEHC
2024-05-10,83.26392364501953,83.34278950585083,82.57504703177031,83.03429556828773,1856300,GEHC
2024-05-13,80.89779663085938,83.86295223206164,80.44853386210927,83.75313109002104,1885300,GEHC
2024-05-14,80.38862609863281,81.55672300098252,80.16899143279699,80.8678463171541,2500700,GEHC
2024-05-15,81.77635955810547,82.1058153422655,80.00924321904095,81.05753308912644,1956200,GEHC
2024-05-16,81.17733764648438,81.83126777391675,80.76801053566473,81.36703009271248,1627100,GEHC
2024-05-17,81.7264404296875,81.74640444686531,80.28878745059248,80.86784296905537,1321000,GEHC
2024-05-20,81.61661529541016,82.53511237953605,81.33707336693239,81.83625755834163,1248500,GEHC
2024-05-21,81.80631256103516,81.86621223012204,80.96767910908503,81.61662011966436,1150200,GEHC
2024-05-22,80.48846435546875,81.75638889100034,80.23887225173094,81.4369113028938,1633600,GEHC
2024-05-23,79.2005615234375,80.84787079291719,79.10072621373028,80.84787079291719,2034900,GEHC
2024-05-24,79.71971893310547,80.12905365232274,78.78125777287842,79.70973311589493,1433900,GEHC
2024-05-28,78.62151336669922,79.58993195640366,78.37192126077319,79.24050453149654,1854800,GEHC
2024-05-29,78.3219985961914,78.79123296687474,77.78288635854084,77.94262134308082,2397000,GEHC
2024-05-30,78.44180297851562,78.8012162031437,76.81446526813306,77.87273330901223,2751700,GEHC
2024-05-31,77.87273406982422,78.6015463427033,76.78451618575193,78.6015463427033,7002100,GEHC
2024-06-03,77.02412414550781,78.67143354091908,76.12559105556107,77.93263543532595,3059500,GEHC
2024-06-04,77.39351654052734,77.69303011320375,76.1255919990166,76.92428978152262,1967200,GEHC
2024-06-05,76.83442687988281,77.65308861770771,76.4949852988816,77.33361105214058,2637500,GEHC
2024-06-06,76.8743667602539,77.02412354356576,75.63639207763896,76.52493934382385,2474900,GEHC
2024-06-07,76.21543884277344,76.90431546573785,75.78614774955943,76.59482370385938,2357000,GEHC
2024-06-10,75.65635681152344,75.8859848970384,75.09727293993429,75.84604924664681,2116100,GEHC
2024-06-11,74.61804962158203,75.42673317842687,74.38842916264727,75.42673317842687,2655600,GEHC
2024-06-12,75.8460464477539,76.10562435724691,74.8876137245638,75.0772985357409,3081600,GEHC
2024-06-13,76.8643798828125,77.20382909476484,75.01739989264439,75.04734972550419,2530200,GEHC
2024-06-14,76.36519622802734,76.48500317725697,74.98745058814522,76.07566848009884,2576800,GEHC
2024-06-17,77.42346954345703,77.73296129834853,75.83605988658161,76.13557344205128,2190500,GEHC
2024-06-18,78.14229583740234,78.59156621356236,77.04409205725595,77.18386303198658,2032500,GEHC
2024-06-20,79.31038665771484,79.96930582864236,77.72297697043923,77.87273375104202,3408100,GEHC
2024-06-21,79.04081726074219,79.96930009355684,78.36192650538366,79.69974400136033,5198000,GEHC
2024-06-24,78.72135162353516,79.51006362172947,78.53166679547608,79.20057183625397,2270100,GEHC
2024-06-25,78.6814193725586,79.15065378820825,78.2421424102683,78.85114780713948,1848500,GEHC
2024-06-26,77.87273406982422,79.16063020116641,77.83778752019712,78.73133149071901,2426200,GEHC
2024-06-27,78.69139099121094,78.97093290321324,77.76290814523425,77.88271508621202,2192600,GEHC
2024-06-28,77.7928695678711,79.51805473706368,77.1040005012041,79.08076581173995,9422500,GEHC
2024-07-01,76.13557434082031,78.22216058653346,76.09563869182318,78.22216058653346,3081400,GEHC
2024-07-02,76.20545959472656,76.5848368336469,75.55651863011724,76.13557411342686,2171300,GEHC
2024-07-03,77.11397552490234,77.2237966617353,76.18549257882609,76.24539986424648,1346700,GEHC
2024-07-05,76.93428039550781,77.12397286327443,76.4251179035255,77.0740513874576,1689500,GEHC
2024-07-08,76.22542572021484,77.51332186861973,76.18549007023178,76.87436670278348,1662000,GEHC
2024-07-09,76.74459075927734,76.87437592458144,75.61642945852486,76.2254348641663,2152500,GEHC
2024-07-10,79.01087188720703,79.09074318456555,76.80447871206438,76.80447871206438,2475300,GEHC
2024-07-11,79.80957794189453,80.58830412990666,79.06080158927564,79.06080158927564,2540600,GEHC
2024-07-12,80.14900970458984,81.19230279947809,79.80956812263322,80.15899552080799,2579000,GEHC
2024-07-15,80.05917358398438,80.49845055066906,79.71972432837404,80.1190732574079,2483200,GEHC
2024-07-16,82.50516510009766,82.82464268780878,80.05916553327316,80.31873583663771,3524300,GEHC
2024-07-17,82.33544158935547,83.48356675074933,81.82627158236498,82.45524092021469,2567800,GEHC
2024-07-18,80.8478775024414,83.36875165377475,80.75802038438559,81.81628846560983,3233900,GEHC
2024-07-19,80.33851623535156,81.2823236821544,79.809186122933,81.12752045528886,2428200,GEHC
2024-07-22,81.12751770019531,81.27732235351395,79.99893851340333,80.97770542710794,2439400,GEHC
2024-07-23,80.71803283691406,81.10754018235934,80.39843687091361,80.77795469936137,1529000,GEHC
2024-07-24,79.58946990966797,81.3871945566343,79.5295404209303,80.89781484726659,2517000,GEHC
2024-07-25,79.81917572021484,80.95773695254785,79.6294205946725,80.30856305078075,2512400,GEHC
2024-07-26,80.3984375,81.58494220016905,79.89906832298136,80.63813257143364,2532900,GEHC
2024-07-29,81.94647979736328,82.35496034459095,80.418403812033,80.57820559602904,2790400,GEHC
2024-07-30,82.54573059082031,83.97392681292045,80.89781070074027,82.43586875683036,5269100,GEHC
2024-07-31,84.52323150634766,88.13866740535579,79.8990752683112,79.99894758844266,8043400,GEHC
2024-08-01,83.29478454589844,84.89276447080681,82.11627292257175,83.99389838186794,3561600,GEHC
2024-08-02,83.33473205566406,83.42461485150139,80.69306479916555,82.69554010825738,2986200,GEHC
2024-08-05,81.41715240478516,82.26608615508869,79.6393992416087,81.86658926431691,3589100,GEHC
2024-08-06,81.4471206665039,82.82537693397751,81.06759519273234,82.00641173972171,2686700,GEHC
2024-08-07,79.23990631103516,82.55572533631793,78.68061520786446,82.12626749073479,2401200,GEHC
2024-08-08,82.21614837646484,82.29604928070154,79.57947949481081,79.81917458775128,1632600,GEHC
2024-08-09,83.29478454589844,83.36469592949538,81.21241588472213,82.21614523917178,1584300,GEHC
2024-08-12,82.2660903930664,83.09503753089237,81.60691934637006,83.09503753089237,1564400,GEHC
2024-08-13,84.06380462646484,84.38340059190894,82.41588483411265,83.0850453159412,1766200,GEHC
2024-08-14,83.36469268798828,84.12373598021904,82.64559984479799,84.08378553117858,1904600,GEHC
2024-08-15,85.19239044189453,85.83158242237337,83.86406651193062,83.86406651193062,2319400,GEHC
2024-08-16,84.6930160522461,85.04257295460738,84.05382411085148,84.82284929604629,1341700,GEHC
2024-08-19,85.48200988769531,85.50198892133788,84.04383187594884,84.59313338481958,1439000,GEHC
2024-08-20,83.8341064453125,85.59188059992066,83.7342265062672,85.05256855187761,1464200,GEHC
2024-08-21,84.37342071533203,84.53321489199651,83.43460421070769,84.53321489199651,984300,GEHC
2024-08-22,84.26356506347656,84.67304386226485,83.84408912696688,84.67304386226485,944800,GEHC
2024-08-23,84.67304229736328,85.46204656604154,83.8440875773858,84.89276596962425,1511800,GEHC
2024-08-26,84.38340759277344,85.3122346349943,84.06381160081409,84.53321988082897,1475100,GEHC
2024-08-27,84.30350494384766,84.59313235020393,83.92397950696807,84.42334866516235,1208100,GEHC
2024-08-28,83.82411193847656,84.31349160763997,83.22487043871763,84.31349160763997,1131300,GEHC
2024-08-29,83.97393035888672,84.89276790035764,83.57443345657816,84.14371406594272,1264700,GEHC
2024-08-30,84.7129898071289,84.7729116721123,83.4845382365849,84.34345386026983,1838600,GEHC
2024-09-03,84.6930160522461,85.45904666822831,84.22360780345996,84.45331335939638,1963900,GEHC
2024-09-04,87.43954467773438,87.60932836671768,84.10375466127273,84.10375466127273,2008000,GEHC
2024-09-05,87.17987823486328,88.38835081754438,86.57064718461842,87.2897400714497,2321000,GEHC
2024-09-06,84.98265075683594,87.63929868206665,84.90275747213933,87.11995804257526,2696500,GEHC
2024-09-09,85.01261901855469,86.35092487479984,84.61312211736656,85.25231411135971,1659600,GEHC
2024-09-10,85.44207000732422,85.621843217465,84.73295906415794,85.10249500160539,1558900,GEHC
2024-09-11,87.08000183105469,87.29972549392001,83.03510834226446,85.1524364519668,2630300,GEHC
2024-09-12,87.34966278076172,87.35965229866665,85.93145602904575,86.91021543018003,1394300,GEHC
2024-09-13,86.80035400390625,87.04004907533171,85.60186340724105,86.50072944979772,10515100,GEHC
2024-09-16,86.53070068359375,87.13993176165222,85.74669494463743,87.0400594383149,4680200,GEHC
2024-09-17,86.68050384521484,88.07873908391896,86.24105652511008,86.53069156610921,3144200,GEHC
2024-09-18,88.41830444335938,89.57684458078208,86.88524504641664,87.30970427108274,3508400,GEHC
2024-09-19,90.50566864013672,90.67545232455153,88.65799666582384,89.55686267120902,3128100,GEHC
2024-09-20,90.16609954833984,91.01502564570167,89.48196619772334,90.23601093001037,9492300,GEHC
2024-09-23,90.76534271240234,91.49841785348966,90.21604116630026,90.38582486492622,2908800,GEHC
2024-09-24,92.09367370605469,92.22350696446291,89.68671794774906,90.88520106776774,3537800,GEHC
2024-09-25,92.89266204833984,93.41200267108157,92.03374640245325,92.67293837802893,4044700,GEHC
2024-09-26,92.3733139038086,92.60302709204167,89.26723682243399,90.9051672140552,5273200,GEHC
2024-09-27,91.87393951416016,94.43071489473449,91.77406720221038,92.56307142022087,12623800,GEHC
2024-09-30,93.73160552978516,94.20101383808269,92.27344825237856,92.39329961399812,3977300,GEHC
2024-10-01,91.55435180664062,93.70164099630938,91.03501116577104,93.70164099630938,2615400,GEHC
2024-10-02,90.92514038085938,92.36332604449015,90.85522900108671,91.51439235040488,1763400,GEHC
2024-10-03,89.7666015625,90.72538947916235,89.4070551412805,90.39581160951865,2592900,GEHC
2024-10-04,91.3046646118164,91.35460458077021,89.80655698043552,90.52564986266145,1988600,GEHC
2024-10-07,89.94638061523438,91.18482175532603,89.6018146375383,90.88519717825913,2623400,GEHC
2024-10-08,90.5755844116211,90.90216771056498,89.74662974311653,90.12614757723921,2075400,GEHC
2024-10-09,90.65547943115234,90.90516402623842,89.88146328220084,90.68544798316876,2122900,GEHC
2024-10-10,90.13613891601562,90.7453699382151,89.68171112376092,90.18607888299033,2269300,GEHC
2024-10-11,90.91515350341797,91.49442359250637,90.2759615498615,90.5655965944057,1372100,GEHC
2024-10-14,91.50440979003906,91.68418299669017,90.45573148127943,90.93512923893869,1342800,GEHC
2024-10-15,90.5955581665039,91.83899020138237,90.49568585176203,91.77406976790402,2474300,GEHC
2024-10-16,90.10618591308594,91.00505205934682,89.85150272677963,90.92515115306367,1823100,GEHC
2024-10-17,90.7054214477539,90.80529376409133,90.1461303804489,90.62552054677624,1711100,GEHC
2024-10-18,91.2549057006836,91.49468760920604,89.90117226189525,89.97609934437907,1609500,GEHC
2024-10-21,89.71634674072266,91.3648035280988,89.43660118172414,90.80532765467596,1675400,GEHC
2024-10-22,89.22679901123047,89.47656611863826,87.6133056316165,89.17685016312123,2210200,GEHC
2024-10-23,89.20681762695312,90.27582050138899,88.02791661962588,88.56741446592346,2116600,GEHC
2024-10-24,88.81718444824219,89.8961801758778,88.51746087202545,89.47656564471696,1291700,GEHC
2024-10-25,88.33763122558594,89.56648878271258,88.21774788889184,89.17685269388187,2035500,GEHC
2024-10-28,85.84994506835938,86.88397686446059,84.82090587006918,86.57926832996644,4223700,GEHC
2024-10-29,85.19055938720703,86.61922750867701,84.93080709042123,85.58020307695976,3762300,GEHC
2024-10-30,87.11875915527344,90.07600824963347,85.72006952964112,89.64640854396447,4700400,GEHC
2024-10-31,87.26862335205078,88.06288090194431,85.91988253439844,86.03977348660929,3259500,GEHC
2024-11-01,86.8689956665039,88.35761309343474,86.63921419945224,87.12875558873749,3383300,GEHC
2024-11-04,86.9089584350586,87.83809235679624,86.46937351992096,87.51839077202023,1431700,GEHC
2024-11-05,88.08786010742188,88.10784574415415,86.7291264565364,86.7291264565364,1656200,GEHC
2024-11-06,86.69915771484375,89.91615930049406,84.99574420096877,89.83623199621134,4163100,GEHC
2024-11-07,88.24771118164062,88.79719421320188,86.85500505294256,87.02884654749536,2497300,GEHC
2024-11-08,85.85994720458984,89.02699244187454,85.76003425923192,88.71728365367014,10190500,GEHC
2024-11-11,85.3104476928711,87.06881016219361,84.39130661979057,86.91894838190538,4367000,GEHC
2024-11-12,84.84088897705078,85.82997220765921,84.64107834059966,85.34042319046576,3918900,GEHC
2024-11-13,84.10157775878906,85.3254350176653,83.17743644490807,85.04070448880546,3014800,GEHC
2024-11-14,82.8427505493164,84.61110589968617,82.62295428002416,83.57207384085095,3061100,GEHC
2024-11-15,81.68383026123047,82.74284027090759,81.44404836968025,82.73284745318801,3768400,GEHC
2024-11-18,82.6429443359375,83.40723109902713,81.80872308545037,81.82370850258644,2918000,GEHC
2024-11-19,82.44312286376953,83.15246815129593,81.63387988074635,81.92361063792077,2513600,GEHC
2024-11-20,84.82091522216797,85.21055131841685,82.33323684866646,82.42314935289885,6103400,GEHC
2024-11-21,81.9236068725586,85.18057191417135,81.76375227362179,84.52118312698724,4930600,GEHC
2024-11-22,82.36320495605469,82.50307392842076,80.4849514032176,81.88364874916574,5934900,GEHC
2024-11-25,82.58300018310547,83.42221400662999,81.82370604114003,83.28234503604257,5272900,GEHC
2024-11-26,82.43313598632812,83.35227708685345,82.31324503406034,82.70288110107188,2040900,GEHC
2024-11-27,82.92268371582031,83.82683946930028,82.64094872205764,82.77282191958722,1808000,GEHC
2024-11-29,83.1424789428711,83.4322097126256,82.81278451981036,83.17244977727889,1277700,GEHC
2024-12-02,83.00260162353516,83.1724414162977,82.31324201230436,82.81277619498482,2247000,GEHC
2024-12-03,82.49308013916016,82.98262153668169,81.9575763496253,82.40316763896297,2026700,GEHC
2024-12-04,82.93267059326172,83.13248122573233,82.42314357148851,82.5430345243431,1932700,GEHC
2024-12-05,81.48902130126953,83.25237652170382,81.28421043781599,82.68290780493875,2269200,GEHC
2024-12-06,81.16431427001953,81.89363755212601,80.39503495972829,81.2941980396243,3177200,GEHC
2024-12-09,81.8237075805664,82.04350385913536,80.9844861189656,81.28420970288461,2372600,GEHC
2024-12-10,82.28327178955078,82.92267493832844,81.56893393944473,82.34321345278407,3124600,GEHC
2024-12-11,82.67291259765625,83.2523741165114,81.70381500081263,81.97356774544292,3890100,GEHC
2024-12-12,81.55394744873047,82.54303061276397,80.76468252998556,82.25329987381052,2370000,GEHC
2024-12-13,81.02445220947266,81.41408830691816,80.5449036075186,81.32417580240963,2836000,GEHC
2024-12-16,80.21520233154297,81.70381210552449,80.01538407921484,80.68476569665538,2908800,GEHC
2024-12-17,79.1761703491211,80.75470024347452,79.13620669862377,80.2651512415974,3557100,GEHC
2024-12-18,77.01818084716797,80.29513166783235,76.90829033346063,79.29606324772772,3264100,GEHC
2024-12-19,77.35787200927734,78.10717336247751,76.87831578942271,77.2379810487418,3384400,GEHC
2024-12-20,78.83648681640625,78.9563701396246,76.81936300919065,77.49773126960433,11179900,GEHC
2024-12-23,79.20614624023438,79.2760807274996,77.45777643631597,78.7066120105434,2495700,GEHC
2024-12-24,79.28607177734375,79.71567151018448,78.66165400416172,79.46590440091167,1035700,GEHC
2024-12-26,79.6357421875,80.10530556059776,78.9014262950662,79.02630984653743,1622000,GEHC
2024-12-27,79.43592834472656,79.79559356821565,78.81650321043165,79.24610291502766,1533000,GEHC
2024-12-30,78.52677154541016,79.08625500997891,77.52770318574264,79.04629136091782,1850600,GEHC
2024-12-31,78.10717010498047,79.19615103418357,77.89736664950888,78.92640591208787,1877800,GEHC
2025-01-02,78.3069839477539,78.8464818363192,77.64760272103246,78.8464818363192,2658500,GEHC
2025-01-03,80.44498443603516,80.54489737414028,78.3169714821901,78.47682608532868,2712600,GEHC
2025-01-06,81.64386749267578,82.32323428148446,80.3450755774488,80.44498088886164,3746500,GEHC
2025-01-07,83.2923355102539,83.36226999357925,81.37411838336875,81.80371810159212,3382000,GEHC
2025-01-08,86.17964935302734,87.21868148851728,84.21148322480134,84.57114848794353,4432600,GEHC
2025-01-10,84.68103790283203,85.98981503964238,84.32137267675964,85.30045541928916,3792000,GEHC
2025-01-13,85.28047943115234,85.46530464644826,83.81884491965802,85.06068316307774,2903800,GEHC
2025-01-14,84.08609771728516,85.94512776818507,83.77626191727299,85.84518147386632,2821300,GEHC
2025-01-15,83.61634826660156,86.20499309469605,82.81676267178976,85.17553178852988,4148700,GEHC
2025-01-16,84.95565032958984,85.30546618821715,83.33549390777343,83.71629944813287,2115900,GEHC
2025-01-17,84.69578552246094,86.29494921158776,84.53587296625524,86.29494921158776,2855000,GEHC
2025-01-21,87.29442596435547,87.57428627736138,84.59583776210177,85.09557688292014,2861800,GEHC
2025-01-22,87.28443145751953,88.22393576324697,86.7077290693609,87.17448824747483,2381200,GEHC
2025-01-23,88.11400604248047,88.62373445888579,86.8146812693457,87.28443726617772,1696900,GEHC
2025-01-24,88.62373352050781,88.73367673670496,86.97459290296422,87.46434272981114,2008400,GEHC
2025-01-27,88.94356536865234,89.64320470345376,88.12399352676373,88.8336221535466,2376800,GEHC
2025-01-28,87.73419952392578,89.27339694325602,87.65423943386382,88.70369464603885,2406800,GEHC
2025-01-29,87.80416107177734,88.56376666248356,87.49432526028737,87.74419481804735,1336100,GEHC
2025-01-30,89.50328063964844,89.70317324015731,88.36387604083721,88.50380238627622,1618700,GEHC
2025-01-31,88.2539291381836,89.7531464556471,88.17396905115294,89.0834902585324,1775500,GEHC
2025-02-03,87.46434020996094,88.44382458460818,86.31493874445916,87.36439391413765,2142300,GEHC
2025-02-04,86.8846435546875,87.98406809166201,86.71473408428706,87.64424915086111,2488900,GEHC
2025-02-05,87.12451171875,87.74419093975389,86.25497057644375,86.96459917406689,2346900,GEHC
2025-02-06,88.50379943847656,90.69265155517608,87.31941256239743,87.46434117454105,3252700,GEHC
2025-02-07,87.59426879882812,89.31337252212616,87.45234460258416,88.75366717050856,1671400,GEHC
2025-02-10,87.454345703125,88.23393750761237,86.8196748877636,87.95408482142857,2036400,GEHC
2025-02-11,86.98458862304688,87.93409751118672,86.68974437703771,86.76470219367947,2392400,GEHC
2025-02-12,85.85517883300781,86.6247736911798,85.45538602826073,85.89515887602387,3656300,GEHC
2025-02-13,93.43122863769531,94.75053960110962,89.59322825522672,89.95304102937733,7832700,GEHC
2025-02-14,92.1618881225586,93.16136636827606,91.13242674953581,93.15136945070302,3946400,GEHC
2025-02-18,92.62164306640625,93.2113391702739,92.07692927690265,92.20186405204092,3262700,GEHC
2025-02-19,92.47171783447266,93.10139396797415,91.55219973920997,92.23184520645052,3284000,GEHC
2025-02-20,92.04194641113281,93.09140160132326,91.4922379606537,92.28182667629355,2341200,GEHC
2025-02-21,91.04246520996094,91.6921275624188,90.38281356584118,91.49223497339183,2854700,GEHC
2025-02-24,90.52274322509766,91.65215088283077,90.3238495579382,90.59270639636583,2769000,GEHC
2025-02-25,90.76261138916016,91.34231056559777,89.96303341773455,91.0424640604298,2310900,GEHC
2025-02-26,90.66266632080078,91.60217826596782,90.10795561653502,90.3228473940718,1845500,GEHC
2025-02-27,89.35335540771484,92.14989202184167,89.23341527480397,90.06298403692324,3926200,GEHC
2025-02-28,87.3044204711914,90.21290573424236,85.84518319374465,89.91305921986532,4214400,GEHC
2025-03-03,86.40489196777344,88.93357835455994,86.24497941242338,87.44435026649757,3556300,GEHC
2025-03-04,84.26600646972656,86.57480634818512,82.66684283936185,86.57480634818512,3998900,GEHC
2025-03-05,84.71577453613281,85.44339149501246,83.7462794601324,83.95616896750154,3111100,GEHC
2025-03-06,85.36544036865234,85.8251994452417,83.57637339918128,83.95617238625583,3946100,GEHC
2025-03-07,86.53482818603516,86.89464096386841,84.6558042072584,85.45538985253539,4076700,GEHC
2025-03-10,85.31546020507812,87.29442278112334,84.82571801965067,85.73024457528173,3552100,GEHC
2025-03-11,85.54533386230469,89.1834414569806,84.89567914490402,87.29442067927373,4276600,GEHC
2025-03-12,83.74628448486328,86.04507991212797,83.7112990854959,85.67527783546691,2819700,GEHC
2025-03-13,81.40750122070312,84.07611397001675,81.11765923568925,83.59636105007074,3605700,GEHC
2025-03-14,81.92723083496094,82.28704360384924,80.35904926527039,82.10713721940509,5207300,GEHC
2025-03-17,82.42697143554688,82.8517451110756,81.57741645907564,81.79729526589496,2526800,GEHC
2025-03-18,82.09713745117188,82.33701008029632,81.18761626864278,82.11713128509007,2899900,GEHC
2025-03-19,82.35700988769531,82.58189097039879,81.73733062331304,81.83727692391304,3124200,GEHC
2025-03-20,81.7673110961914,82.63685989654877,81.50745224815113,82.00719136033987,2731100,GEHC
2025-03-21,81.44747924804688,81.78730581321634,80.10818207313152,81.1076603082912,4304400,GEHC
2025-03-24,81.65736389160156,82.74679906815707,81.43748509832955,82.10713364584338,4453600,GEHC
2025-03-25,82.41697692871094,82.84675288826081,81.43749249791338,81.91723779553267,3730100,GEHC
2025-03-26,80.95773315429688,82.81676319231751,80.44300249797855,82.35700414130568,2859100,GEHC
2025-03-27,81.61739349365234,82.75679803191876,81.12764368522588,81.34753010934983,3074600,GEHC
2025-03-28,79.96825408935547,81.74532623299862,79.74337301614167,81.37751440679853,3189800,GEHC
2025-03-31,80.66788482666016,80.96773133764223,79.15867060543383,79.65840970679494,4151200,GEHC
2025-04-01,79.52848052978516,80.79781449595795,79.28860789551108,80.3280661445835,2996300,GEHC
2025-04-02,79.31859588623047,79.83832122993468,78.65893656975288,78.73889666121939,2806100,GEHC
2025-04-03,71.96243286132812,76.55003429603919,70.41323854817568,76.49507031355623,9331400,GEHC
2025-04-04,60.478424072265625,63.76371147062632,58.00971551630027,63.32693922366576,16890600,GEHC
2025-04-07,60.95817947387695,63.711739277158344,58.82429129850743,60.49841658628215,9299600,GEHC
2025-04-08,58.71934509277344,64.39638165527003,58.01970958019052,63.157026991891136,7418900,GEHC
2025-04-09,64.94609832763672,65.49580677539328,57.61992111821929,57.66989426686017,8488500,GEHC
2025-04-10,62.247501373291016,64.16649769635885,59.6658489873485,63.65676548951482,7636300,GEHC
2025-04-11,62.77722930908203,63.563817429411024,60.8272470592048,62.30747331859458,7221500,GEHC
2025-04-14,64.35639953613281,64.75119768829839,63.20700191432849,63.88664357047422,4896000,GEHC
2025-04-15,63.067073822021484,64.76619136224711,62.62730478013118,64.46634484767388,5405800,GEHC
2025-04-16,61.44792175292969,63.661766207587554,60.668329945602366,63.06707543457371,6206900,GEHC
2025-04-17,62.33745574951172,62.80721173475384,61.667807169679364,61.95765676962479,4474000,GEHC
2025-04-21,60.44844055175781,61.772749917759796,59.91871833043971,61.69778829087163,5755100,GEHC
2025-04-22,61.61783218383789,62.30747076510841,60.71830028417483,61.55786211962477,4508800,GEHC
2025-04-23,64.85614013671875,67.04499984662127,64.24146317552922,64.46634424665578,6292800,GEHC
2025-04-24,67.04499816894531,67.35483396472601,64.73619838702238,65.00606176595227,6555800,GEHC
2025-04-25,68.41999816894531,70.81999969482422,67.93000030517578,69.0,5508600,GEHC
2025-04-28,68.06999969482422,68.80000305175781,67.27999877929688,68.33000183105469,3896300,GEHC
2025-04-29,68.08999633789062,68.54000091552734,67.11000061035156,67.87999725341797,5692100,GEHC
2025-04-30,70.33000183105469,72.5999984741211,69.83999633789062,72.5,12759300,GEHC
2025-05-01,67.66999816894531,70.91999816894531,67.62999725341797,70.31999969482422,8115300,GEHC
2025-05-02,70.52999877929688,71.20999908447266,69.37000274658203,69.9000015258789,7209400,GEHC
2025-05-05,69.37000274658203,70.58999633789062,69.19000244140625,69.93000030517578,5927300,GEHC
2025-05-06,67.08999633789062,68.9800033569336,67.06999969482422,68.4800033569336,5677400,GEHC
2025-05-07,68.81999969482422,69.30999755859375,66.94999694824219,67.4749984741211,5304500,GEHC
2025-05-08,70.5,71.4000015258789,69.11000061035156,69.48999786376953,6022300,GEHC
2025-05-09,69.87000274658203,71.80999755859375,69.79000091552734,70.75,5724400,GEHC
2025-05-12,74.11000061035156,77.75,73.51000213623047,76.94999694824219,8029100,GEHC
2025-05-13,74.87999725341797,75.69000244140625,73.66999816894531,74.3499984741211,1672171,GEHC
